Order number,Section
090123,Part A
090118,Part A
092011,Part A
092012,Part A
091922,Part A
090693,Part A
090790,Part A
092013,Part A
092014,Part A
092017,Part A
092016 ,Part A
090055,Part A
090094,Part A
090056,Part A
090059,Part A
090035,Part A
090708,Part A
090126,Part A
090127,Part A
090128,Part A
090130,Part A
090124,Part A
090131,Part A
090041,Part A
090027,Part A
090039,Part A
090060,Part A
090061,Part A
090062,Part A
090058,Part A
090063,Part A
090040,Part A
090083,Part A
090071,Part A
090043,Part A
090132,Part A
090120,Part A
090053,Part A
090085,Part A
090086,Part A
090092,Part A
090093,Part A
090088,Part A
090096,Part A
090097,Part A
090095,Part A
090098,Part A
090072,Part A
090073,Part A
090070,Part A
090089,Part A
090008,Part A
090006,Part A
090009,Part A
090007,Part A
090707,Part A
090706,Part A
090047,Part A
090046,Part A
090013,Part A
090023,Part A
098700,Part A
098701,Part A
098702,Part A
098703,Part A
098704,Part A
098705,Part A
908706,Part A
098707,Part A
098708,Part A
098709,Part A
097701,Part A
097702,Part A
097703,Part A
097704,Part A
097705,Part A
097706,Part A
097707,Part A
097708,Part A
097709,Part A
097710,Part A
097711,Part A
097712,Part A
097713,Part A
092201,Part A
092501,Part A
090107,Part A
090109,Part A
090111,Part A
090101,Part A
090103,Part A
090104,Part A
090106,Part A
092003,Part A
092600,Part A
092602,Part A
092617,Part A
092620,Part A
092624,Part A
092628,Part A
092634,Part A
092638,Part A
092639,Part A
092641,Part A
092644,Part A
092645,Part A
092648,Part A
092649,Part A
092650,Part A
092652,Part A
092658,Part A
092659,Part A
092661,Part A
092662,Part A
092665,Part A
092671,Part A
092673,Part A
092674,Part A
092675,Part A
092676,Part A
092679,Part A
092681,Part A
092682,Part A
092684,Part A
092685,Part A
092686,Part A
092688,Part A
092690,Part A
092694,Part A
092696,Part A
092697,Part A
092698,Part A
092700,Part A
092704,Part A
092708,Part A
092710,Part A
092720,Part A
092722,Part A
092723,Part A
092728,Part A
092734,Part A
092738,Part A
092769,Part A
092799,Part A
092806,Part A
092808,Part A
092812,Part A
092814,Part A
092816,Part A
092820,Part A
092828,Part A
092829,Part A
092830,Part A
092832,Part A
092834,Part A
092835,Part A
092837,Part A
092840,Part A
092842,Part A
092846,Part A
092848,Part A
092851,Part A
092852,Part A
092854,Part A
092856,Part A
092858,Part A
092860,Part A
092864,Part A
092868,Part A
092872,Part A
092874,Part A
092878,Part A
092880,Part A
092888,Part A
092889,Part A
092908,Part A
092928,Part A
092929,Part A
092933,Part A
092935,Part A
092945,Part A
092955,Part A
092972,Part A
092975,Part A
090076,Part B - Section 1
090067,Part B - Section 1
092629,Part B - Section 1
092631,Part B - Section 1
092633,Part B - Section 1
092637,Part B - Section 1
092643,Part B - Section 1
092646,Part B - Section 1
092647,Part B - Section 1
092664,Part B - Section 1
092668,Part B - Section 1
092672,Part B - Section 1
092683,Part B - Section 1
092721,Part B - Section 1
092730,Part B - Section 1
092736,Part B - Section 1
092740,Part B - Section 1
092742,Part B - Section 1
092763,Part B - Section 1
092849,Part B - Section 1
092850,Part B - Section 1
092866,Part B - Section 1
092870,Part B - Section 1
092876,Part B - Section 1
092906,Part B - Section 1
092907,Part B - Section 1
092909,Part B - Section 1
092910,Part B - Section 1
092913,Part B - Section 1
092932,Part B - Section 1
092746,Part B - Section 2
092748,Part B - Section 2
092750,Part B - Section 2
092754,Part B - Section 2
092759,Part B - Section 2
092760,Part B - Section 2
092761,Part B - Section 2
092765,Part B - Section 2
092770,Part B - Section 2
092772,Part B - Section 2
092774,Part B - Section 2
092776,Part B - Section 2
092777,Part B - Section 2
092778,Part B - Section 2
092785,Part B - Section 2
092786,Part B - Section 2
092788,Part B - Section 2
092790,Part B - Section 2
092794,Part B - Section 2
092798,Part B - Section 2
092800,Part B - Section 2
092802,Part B - Section 2
092824,Part B - Section 2
092826,Part B - Section 2
092804,Part B - Section 2
092762,Part B - Section 2
092784,Part B - Section 2
092822,Part B - Section 2
094450,Part C - Section 1
094700,Part C - Section 1
094451,Part C - Section 1
094452,Part C - Section 1
094701,Part C - Section 1
094002,Part C - Section 1
094454,Part C - Section 1
094453,Part C - Section 1
094003,Part C - Section 1
094001,Part C - Section 1
094204,Part C - Section 1
094038,Part C - Section 1
094170,Part C - Section 1
094067,Part C - Section 1
094068,Part C - Section 1
094069,Part C - Section 1
094410,Part C - Section 1
094411,Part C - Section 1
094412,Part C - Section 1
094420,Part C - Section 1
094421,Part C - Section 1
094422,Part C - Section 1
094211,Part C - Section 1
094212,Part C - Section 1
094213,Part C - Section 1
094590,Part C - Section 1
094195,Part C - Section 1
094595,Part C - Section 1
094514,Part C - Section 1
094513,Part C - Section 1
094015,Part C - Section 1
094105,Part C - Section 1
094106,Part C - Section 1
094123,Part C - Section 1
094124,Part C - Section 1
094125,Part C - Section 1
094126,Part C - Section 1
094131,Part C - Section 1
094148,Part C - Section 1
094127,Part C - Section 1
094128,Part C - Section 1
094129,Part C - Section 1
094130,Part C - Section 1
094112,Part C - Section 1
094116,Part C - Section 1
094117,Part C - Section 1
094118,Part C - Section 1
094119,Part C - Section 1
094113,Part C - Section 1
094166,Part C - Section 1
094168,Part C - Section 1
094150,Part C - Section 1
094153,Part C - Section 1
094154,Part C - Section 1
094217,Part C - Section 1
094218,Part C - Section 1
094251,Part C - Section 1
094261,Part C - Section 1
094214,Part C - Section 1
094215,Part C - Section 1
094216 ,Part C - Section 1
094252,Part C - Section 1
094254,Part C - Section 1
094260,Part C - Section 1
094253,Part C - Section 1
094255,Part C - Section 1
094262,Part C - Section 1
094257,Part C - Section 1
094256,Part C - Section 1
094263,Part C - Section 1
094258,Part C - Section 1
094264,Part C - Section 1
094259,Part C - Section 1
094265,Part C - Section 1
094321,Part C - Section 1
094057,Part C - Section 2
094058,Part C - Section 2
094594,Part C - Section 2
094515,Part C - Section 2
094317,Part C - Section 2
094318,Part C - Section 2
094320,Part C - Section 2